"","Method","Mean","Variance","N","Weight","SNR"
"1","FDR0.01",-0.0131140077381473,0.00175805644064328,2048,"id","-1"
"2","FER0.01",-0.0131140077381473,0.00175805644064328,2048,"id","-1"
"3","FDR0.05",-0.00416315626488032,0.00175877766567442,2048,"id","-1"
"4","FER0.05",-0.00416315626488032,0.00175877766567442,2048,"id","-1"
"5","log_Periodogram",109.685344465932,3.16142344451441,2048,"id","-1"
"6","BIC",-0.00965944531960743,0.00174540049232939,2048,"id","-1"
"7","KSF",-0.0195936066772096,0.00176558283394296,2048,"id","-1"
"8","MRI",-0.0232547535521263,0.00176445650594151,2048,"id","-1"
"9","Rectangle window",0.411460826166135,0.00151329825197117,2048,"id","-1"
"10","Hann",0.447044791929356,0.00228665038764145,2048,"id","-1"
"11","FDR0.01",-0.0220404901763357,0.00358911616364508,1024,"id","-1"
"12","FER0.01",-0.0220404901763357,0.00358911616364508,1024,"id","-1"
"13","FDR0.05",-0.00423252856141738,0.00356930084527349,1024,"id","-1"
"14","FER0.05",-0.00423252856141738,0.00356930084527349,1024,"id","-1"
"15","log_Periodogram",77.3671685524334,3.11530152219275,1024,"id","-1"
"16","BIC",-0.0159453421518082,0.00350581946606002,1024,"id","-1"
"17","KSF",-0.0385609248320687,0.00393982250663277,1024,"id","-1"
"18","MRI",-0.0401499570901608,0.00373232748421759,1024,"id","-1"
"19","Rectangle window",0.427075809174286,0.0030725558484873,1024,"id","-1"
"20","Hann",0.484895360028303,0.00442915128223346,1024,"id","-1"
"21","FDR0.01",-0.0384055601673033,0.00743561609140394,512,"id","-1"
"22","FER0.01",-0.0384055601673033,0.00743561609140394,512,"id","-1"
"23","FDR0.05",-0.00321872787249364,0.00768263820553375,512,"id","-1"
"24","FER0.05",-0.00321872787249364,0.00768263820553375,512,"id","-1"
"25","log_Periodogram",54.3783024838179,3.13284293565233,512,"id","-1"
"26","BIC",-0.0278362602,0.0074124092791552,512,"id","-1"
"27","KSF",-0.0592567590231373,0.00792684286099477,512,"id","-1"
"28","MRI",-0.0643076833700685,0.00754588840047329,512,"id","-1"
"29","Rectangle window",0.450856279118202,0.00613831624275691,512,"id","-1"
"30","Hann",0.537843383084746,0.00860312571633434,512,"id","-1"
"31","FDR0.01",-0.0593562380709081,0.0178164771346624,256,"id","-1"
"32","FER0.01",-0.0593562380709081,0.0178164771346624,256,"id","-1"
"33","FDR0.05",0.0100360431106391,0.0174557926563428,256,"id","-1"
"34","FER0.05",0.0100360431106391,0.0174557926563428,256,"id","-1"
"35","log_Periodogram",38.24212135745,3.21643546297469,256,"id","-1"
"36","BIC",-0.0395206063416569,0.0166669253487452,256,"id","-1"
"37","KSF",-0.0996134717739888,0.020935251656204,256,"id","-1"
"38","MRI",-0.111964663006269,0.0191875910290705,256,"id","-1"
"39","Rectangle window",0.483093414141934,0.0124822547345538,256,"id","-1"
"40","Hann",0.611707588643867,0.0168325217421132,256,"id","-1"
"41","FDR0.01",-0.086073508529494,0.0352743690466482,128,"id","-1"
"42","FER0.01",-0.086073508529494,0.0352743690466482,128,"id","-1"
"43","FDR0.05",0.0462120328857347,0.0370816837277574,128,"id","-1"
"44","FER0.05",0.0462120328857347,0.0370816837277574,128,"id","-1"
"45","log_Periodogram",27.2052520133285,3.14559337589736,128,"id","-1"
"46","BIC",-0.0544798402164256,0.0340139034525619,128,"id","-1"
"47","KSF",-0.140877191656725,0.0372045272155401,128,"id","-1"
"48","MRI",-0.169956094715448,0.0322329791582721,128,"id","-1"
"49","Rectangle window",0.542495721581285,0.0241569071817042,128,"id","-1"
"50","Hann",0.720281433549091,0.0321705800049532,128,"id","-1"
"51","FDR0.01",-0.173498200272235,0.65654893883193,2048,"Martin","-1"
"52","FER0.01",-0.173498200272235,0.65654893883193,2048,"Martin","-1"
"53","FDR0.05",1.14314528779171,1.72253548120839,2048,"Martin","-1"
"54","FER0.05",1.14314528779171,1.72253548120839,2048,"Martin","-1"
"55","log_Periodogram",2523.01554435101,2441.21791358118,2048,"Martin","-1"
"56","BIC",0.245379211670467,0.992498936347362,2048,"Martin","-1"
"57","KSF",-0.51071655289849,0.236968477833827,2048,"Martin","-1"
"58","MRI",-0.65120506278554,0.0360662298869002,2048,"Martin","-1"
"59","Rectangle window",27.2597552972234,0.76114519127492,2048,"Martin","-1"
"60","Hann",23.4193021694851,0.610994994756961,2048,"Martin","-1"
"61","FDR0.01",-0.166186581788061,0.680574788172346,1024,"Martin","-1"
"62","FER0.01",-0.166186581788061,0.680574788172346,1024,"Martin","-1"
"63","FDR0.05",1.19250664921235,1.70634382959561,1024,"Martin","-1"
"64","FER0.05",1.19250664921235,1.70634382959561,1024,"Martin","-1"
"65","log_Periodogram",1268.4538163603,1162.46117685336,1024,"Martin","-1"
"66","BIC",0.216779817319831,0.929404949664046,1024,"Martin","-1"
"67","KSF",-0.550037218368578,0.280104826245596,1024,"Martin","-1"
"68","MRI",-0.694307766199382,0.0556177024179268,1024,"Martin","-1"
"69","Rectangle window",18.9652973251665,0.778831273946035,1024,"Martin","-1"
"70","Hann",16.2406542310237,0.606179559049532,1024,"Martin","-1"
"71","FDR0.01",-0.12345956290528,0.780828223202303,512,"Martin","-1"
"72","FER0.01",-0.12345956290528,0.780828223202303,512,"Martin","-1"
"73","FDR0.05",1.2910209965163,1.78410716849016,512,"Martin","-1"
"74","FER0.05",1.2910209965163,1.78410716849016,512,"Martin","-1"
"75","log_Periodogram",635.857922445786,594.306268513825,512,"Martin","-1"
"76","BIC",0.237109145630142,0.964287023841342,512,"Martin","-1"
"77","KSF",-0.573787249078776,0.340250758601606,512,"Martin","-1"
"78","MRI",-0.717159557714414,0.111010161491914,512,"Martin","-1"
"79","Rectangle window",13.2061865288068,0.782354420937482,512,"Martin","-1"
"80","Hann",11.2138644473582,0.604537854913316,512,"Martin","-1"
"81","FDR0.01",-0.076000399475582,0.968233442596011,256,"Martin","-1"
"82","FER0.01",-0.076000399475582,0.968233442596011,256,"Martin","-1"
"83","FDR0.05",1.41429795236437,1.84816048395822,256,"Martin","-1"
"84","FER0.05",1.41429795236437,1.84816048395822,256,"Martin","-1"
"85","log_Periodogram",321.386017878053,309.065828527669,256,"Martin","-1"
"86","BIC",0.286891668980795,1.06367495963538,256,"Martin","-1"
"87","KSF",-0.487627589724727,0.683448386158088,256,"Martin","-1"
"88","MRI",-0.759144786427033,0.222403438688095,256,"Martin","-1"
"89","Rectangle window",9.14095117876658,0.762501681637448,256,"Martin","-1"
"90","Hann",7.71144498255604,0.571330426382321,256,"Martin","-1"
"91","FDR0.01",0.0420322063293734,1.27804435373094,128,"Martin","-1"
"92","FER0.01",0.0420322063293734,1.27804435373094,128,"Martin","-1"
"93","FDR0.05",1.63088481951871,1.85966876056013,128,"Martin","-1"
"94","FER0.05",1.63088481951871,1.85966876056013,128,"Martin","-1"
"95","log_Periodogram",167.192646441558,163.371880334533,128,"Martin","-1"
"96","BIC",0.379767399984295,1.24043709490324,128,"Martin","-1"
"97","KSF",-0.443351982258802,1.19131129960177,128,"Martin","-1"
"98","MRI",-0.804497724909743,0.436302419217823,128,"Martin","-1"
"99","Rectangle window",6.50526689481505,0.866424335218015,128,"Martin","-1"
"100","Hann",5.52758727657484,0.574945146457832,128,"Martin","-1"
"101","FDR0.01",-0.0155337096851867,0.00176185474323612,2048,"id","-10"
"102","FER0.01",-0.0155337096851867,0.00176185474323612,2048,"id","-10"
"103","FDR0.05",-0.00755208597038813,0.00175385063450332,2048,"id","-10"
"104","FER0.05",-0.00755208597038813,0.00175385063450332,2048,"id","-10"
"105","log_Periodogram",109.212848533184,3.17474741466665,2048,"id","-10"
"106","BIC",-0.0119183461491597,0.00174974867915511,2048,"id","-10"
"107","KSF",-0.0203370455351051,0.00176317273092058,2048,"id","-10"
"108","MRI",-0.025149991878721,0.00176377064952735,2048,"id","-10"
"109","Rectangle window",0.400833245586542,0.00152080154837463,2048,"id","-10"
"110","Hann",0.418966539304718,0.00231108646193758,2048,"id","-10"
"111","FDR0.01",-0.0273285117799704,0.00360159993176309,1024,"id","-10"
"112","FER0.01",-0.0273285117799704,0.00360159993176309,1024,"id","-10"
"113","FDR0.05",-0.0122631424015351,0.00355219906097714,1024,"id","-10"
"114","FER0.05",-0.0122631424015351,0.00355219906097714,1024,"id","-10"
"115","log_Periodogram",76.7563793755567,3.13884704847752,1024,"id","-10"
"116","BIC",-0.0209440388658255,0.00350433585377006,1024,"id","-10"
"117","KSF",-0.039562108545099,0.00391656901148346,1024,"id","-10"
"118","MRI",-0.0437344470731076,0.00373799282088894,1024,"id","-10"
"119","Rectangle window",0.407795008509739,0.00309972263880707,1024,"id","-10"
"120","Hann",0.434789159072279,0.0045057780723507,1024,"id","-10"
"121","FDR0.01",-0.0499525481610087,0.00743180007986093,512,"id","-10"
"122","FER0.01",-0.0499525481610087,0.00743180007986093,512,"id","-10"
"123","FDR0.05",-0.0227206863075885,0.00761168863773863,512,"id","-10"
"124","FER0.05",-0.0227206863075885,0.00761168863773863,512,"id","-10"
"125","log_Periodogram",53.5970649904748,3.16923901590397,512,"id","-10"
"126","BIC",-0.0388368076133471,0.0074100335346621,512,"id","-10"
"127","KSF",-0.064582246338502,0.00790049585386978,512,"id","-10"
"128","MRI",-0.0713601852953347,0.00753753850364201,512,"id","-10"
"129","Rectangle window",0.416299716131029,0.00622566618317609,512,"id","-10"
"130","Hann",0.450725716925335,0.00890586799907732,512,"id","-10"
"131","FDR0.01",-0.0853512287633497,0.0177956865898692,256,"id","-10"
"132","FER0.01",-0.0853512287633497,0.0177956865898692,256,"id","-10"
"133","FDR0.05",-0.0351310352879029,0.0170641452308786,256,"id","-10"
"134","FER0.05",-0.0351310352879029,0.0170641452308786,256,"id","-10"
"135","log_Periodogram",37.2571630180972,3.29162692709179,256,"id","-10"
"136","BIC",-0.0641859094153957,0.0165857369819745,256,"id","-10"
"137","KSF",-0.114742307690909,0.0198780500066571,256,"id","-10"
"138","MRI",-0.12802459920773,0.0192630125831507,256,"id","-10"
"139","Rectangle window",0.422039008025066,0.0128339577645897,256,"id","-10"
"140","Hann",0.464050202282911,0.0180078401923579,256,"id","-10"
"141","FDR0.01",-0.148889471243581,0.0342454399174267,128,"id","-10"
"142","FER0.01",-0.148889471243581,0.0342454399174267,128,"id","-10"
"143","FDR0.05",-0.060399255580519,0.0365056768342524,128,"id","-10"
"144","FER0.05",-0.060399255580519,0.0365056768342524,128,"id","-10"
"145","log_Periodogram",25.9838840321485,3.28400201552097,128,"id","-10"
"146","BIC",-0.114005230399983,0.0342249665638835,128,"id","-10"
"147","KSF",-0.184105262288844,0.0336645649502084,128,"id","-10"
"148","MRI",-0.206167769922579,0.0320256249663468,128,"id","-10"
"149","Rectangle window",0.432216797954762,0.0252621683875827,128,"id","-10"
"150","Hann",0.478770578304006,0.036233400791124,128,"id","-10"
"151","FDR0.01",0.169407345762786,0.535127060604834,2048,"Martin","-10"
"152","FER0.01",0.169407345762786,0.535127060604834,2048,"Martin","-10"
"153","FDR0.05",1.25450942950901,1.49796958671454,2048,"Martin","-10"
"154","FER0.05",1.25450942950901,1.49796958671454,2048,"Martin","-10"
"155","log_Periodogram",2511.78575076623,2451.34394248766,2048,"Martin","-10"
"156","BIC",0.567916121132619,0.887335106826931,2048,"Martin","-10"
"157","KSF",-0.0530552425529504,0.264753997766954,2048,"Martin","-10"
"158","MRI",-0.21492368570787,0.0316666819115621,2048,"Martin","-10"
"159","Rectangle window",27.316067605317,0.764221181493214,2048,"Martin","-10"
"160","Hann",23.3841147161428,0.617400298580771,2048,"Martin","-10"
"161","FDR0.01",0.117224144047488,0.498779310945664,1024,"Martin","-10"
"162","FER0.01",0.117224144047488,0.498779310945664,1024,"Martin","-10"
"163","FDR0.05",1.17171678844054,1.41522374428127,1024,"Martin","-10"
"164","FER0.05",1.17171678844054,1.41522374428127,1024,"Martin","-10"
"165","log_Periodogram",1258.28633706087,1172.00758237433,1024,"Martin","-10"
"166","BIC",0.462080496826009,0.766026664404751,1024,"Martin","-10"
"167","KSF",-0.0670837022940161,0.333946262877011,1024,"Martin","-10"
"168","MRI",-0.27188905085169,0.0338607310751415,1024,"Martin","-10"
"169","Rectangle window",18.9237852072172,0.784343670186073,1024,"Martin","-10"
"170","Hann",16.1018410252067,0.613224235150637,1024,"Martin","-10"
"171","FDR0.01",0.0558142894264499,0.494945489814183,512,"Martin","-10"
"172","FER0.01",0.0558142894264499,0.494945489814183,512,"Martin","-10"
"173","FDR0.05",1.07132217405064,1.3906785388172,512,"Martin","-10"
"174","FER0.05",1.07132217405064,1.3906785388172,512,"Martin","-10"
"175","log_Periodogram",626.717375095398,602.255784495945,512,"Martin","-10"
"176","BIC",0.381961244607302,0.738822941164661,512,"Martin","-10"
"177","KSF",-0.16795272629385,0.300303109952388,512,"Martin","-10"
"178","MRI",-0.320515037711684,0.0659981011011464,512,"Martin","-10"
"179","Rectangle window",13.0502609343048,0.78601851519917,512,"Martin","-10"
"180","Hann",10.9675472257045,0.618623748849969,512,"Martin","-10"
"181","FDR0.01",-0.0140523549209282,0.557456621819342,256,"Martin","-10"
"182","FER0.01",-0.0140523549209282,0.557456621819342,256,"Martin","-10"
"183","FDR0.05",0.961073529225649,1.40119307922782,256,"Martin","-10"
"184","FER0.05",0.961073529225649,1.40119307922782,256,"Martin","-10"
"185","log_Periodogram",313.39077533785,316.425655102395,256,"Martin","-10"
"186","BIC",0.279939472070878,0.7314006544453,256,"Martin","-10"
"187","KSF",-0.151621586746187,0.521655902279769,256,"Martin","-10"
"188","MRI",-0.410696122550034,0.118303705610434,256,"Martin","-10"
"189","Rectangle window",8.87073948675524,0.775211869068947,256,"Martin","-10"
"190","Hann",7.37492942471268,0.593104542431235,256,"Martin","-10"
"191","FDR0.01",-0.094556985205293,0.674978408497373,128,"Martin","-10"
"192","FER0.01",-0.094556985205293,0.674978408497373,128,"Martin","-10"
"193","FDR0.05",0.885274552308065,1.45579458479653,128,"Martin","-10"
"194","FER0.05",0.885274552308065,1.45579458479653,128,"Martin","-10"
"195","log_Periodogram",160.51343216865,170.936512519932,128,"Martin","-10"
"196","BIC",0.189439257430278,0.814709498719942,128,"Martin","-10"
"197","KSF",-0.282509898807297,0.644294436283954,128,"Martin","-10"
"198","MRI",-0.522007916276397,0.198753844616818,128,"Martin","-10"
"199","Rectangle window",6.08049450664535,0.834154708774604,128,"Martin","-10"
"200","Hann",4.95076907228415,0.596137061378755,128,"Martin","-10"
"201","FDR0.01",-0.0208188681158848,0.00176078134357984,2048,"id","-100"
"202","FER0.01",-0.0208188681158848,0.00176078134357984,2048,"id","-100"
"203","FDR0.05",-0.0132382023960004,0.00175620225192635,2048,"id","-100"
"204","FER0.05",-0.0132382023960004,0.00175620225192635,2048,"id","-100"
"205","log_Periodogram",108.602833902279,3.19246310375766,2048,"id","-100"
"206","BIC",-0.017609780643133,0.00174915628772858,2048,"id","-100"
"207","KSF",-0.0303433057471476,0.00183851417639394,2048,"id","-100"
"208","MRI",-0.0303877526888931,0.00176442771232115,2048,"id","-100"
"209","Rectangle window",0.384146084718732,0.00153128988007356,2048,"id","-100"
"210","Hann",0.387710635630754,0.0023394028481426,2048,"id","-100"
"211","FDR0.01",-0.035875795752712,0.00360211625109726,1024,"id","-100"
"212","FER0.01",-0.035875795752712,0.00360211625109726,1024,"id","-100"
"213","FDR0.05",-0.0226699998774815,0.00353223980965969,1024,"id","-100"
"214","FER0.05",-0.0226699998774815,0.00353223980965969,1024,"id","-100"
"215","log_Periodogram",76.086832295558,3.17849485818382,1024,"id","-100"
"216","BIC",-0.0305864377524144,0.00353491259721397,1024,"id","-100"
"217","KSF",-0.0594799517532324,0.00378069888284853,1024,"id","-100"
"218","MRI",-0.0520342074392162,0.00377851466895271,1024,"id","-100"
"219","Rectangle window",0.381241016435421,0.0031496764495849,1024,"id","-100"
"220","Hann",0.388485383698347,0.00458794255451078,1024,"id","-100"
"221","FDR0.01",-0.0634675255444077,0.00744807809466545,512,"id","-100"
"222","FER0.01",-0.0634675255444077,0.00744807809466545,512,"id","-100"
"223","FDR0.05",-0.0411695144529471,0.00753690399238695,512,"id","-100"
"224","FER0.05",-0.0411695144529471,0.00753690399238695,512,"id","-100"
"225","log_Periodogram",52.8834595406296,3.20499918238587,512,"id","-100"
"226","BIC",-0.0550509993103168,0.00744784764832421,512,"id","-100"
"227","KSF",-0.0973360391135491,0.00900333051086813,512,"id","-100"
"228","MRI",-0.0844651005781397,0.00766093135518318,512,"id","-100"
"229","Rectangle window",0.375144072640401,0.00631272008024487,512,"id","-100"
"230","Hann",0.386680925580012,0.00911645189929785,512,"id","-100"
"231","FDR0.01",-0.108510716017963,0.0180657563369026,256,"id","-100"
"232","FER0.01",-0.108510716017963,0.0180657563369026,256,"id","-100"
"233","FDR0.05",-0.0670826979450203,0.0169681533615543,256,"id","-100"
"234","FER0.05",-0.0670826979450203,0.0169681533615543,256,"id","-100"
"235","log_Periodogram",36.5558541220023,3.36218540752738,256,"id","-100"
"236","BIC",-0.0912448913598389,0.0169133777246766,256,"id","-100"
"237","KSF",-0.184638215596254,0.018448011081687,256,"id","-100"
"238","MRI",-0.15332769700907,0.0191948976759769,256,"id","-100"
"239","Rectangle window",0.361455516789605,0.0132045055787579,256,"id","-100"
"240","Hann",0.382874630982675,0.0187498830126782,256,"id","-100"
"241","FDR0.01",-0.18369572074761,0.0326976696335058,128,"id","-100"
"242","FER0.01",-0.18369572074761,0.0326976696335058,128,"id","-100"
"243","FDR0.05",-0.116099456384002,0.0351693655765963,128,"id","-100"
"244","FER0.05",-0.116099456384002,0.0351693655765963,128,"id","-100"
"245","log_Periodogram",25.3597870639037,3.34695904254285,128,"id","-100"
"246","BIC",-0.158938042019866,0.0331217031214984,128,"id","-100"
"247","KSF",-0.247396978395249,0.0322111433700259,128,"id","-100"
"248","MRI",-0.228698030019875,0.0303873050141411,128,"id","-100"
"249","Rectangle window",0.340973065270903,0.0259542146601088,128,"id","-100"
"250","Hann",0.384790094626031,0.0371674362511763,128,"id","-100"
"251","FDR0.01",0.2032079134607,0.437438346310178,2048,"Martin","-100"
"252","FER0.01",0.2032079134607,0.437438346310178,2048,"Martin","-100"
"253","FDR0.05",1.17318831449898,1.32991545085858,2048,"Martin","-100"
"254","FER0.05",1.17318831449898,1.32991545085858,2048,"Martin","-100"
"255","log_Periodogram",2498.39943913671,2466.01386190087,2048,"Martin","-100"
"256","BIC",0.517670523066767,0.736341017074184,2048,"Martin","-100"
"257","KSF",-0.0891406595559904,0.0727922880123274,2048,"Martin","-100"
"258","MRI",-0.121026910898468,0.0229130326835611,2048,"Martin","-100"
"259","Rectangle window",26.8950728331769,0.769691190023956,2048,"Martin","-100"
"260","Hann",22.9983649260217,0.626287568678027,2048,"Martin","-100"
"261","FDR0.01",0.108488916924989,0.370452278541437,1024,"Martin","-100"
"262","FER0.01",0.108488916924989,0.370452278541437,1024,"Martin","-100"
"263","FDR0.05",0.968307628517649,1.13663088938733,1024,"Martin","-100"
"264","FER0.05",0.968307628517649,1.13663088938733,1024,"Martin","-100"
"265","log_Periodogram",1248.24743254346,1187.15302918406,1024,"Martin","-100"
"266","BIC",0.371510743890454,0.596289403325077,1024,"Martin","-100"
"267","KSF",-0.193047716653307,0.0439190852300488,1024,"Martin","-100"
"268","MRI",-0.17972003943926,0.0314390888819941,1024,"Martin","-100"
"269","Rectangle window",18.4437872112822,0.794198954629615,1024,"Martin","-100"
"270","Hann",15.6874232831852,0.620808301172418,1024,"Martin","-100"
"271","FDR0.01",0.0177985840374275,0.35380487775633,512,"Martin","-100"
"272","FER0.01",0.0177985840374275,0.35380487775633,512,"Martin","-100"
"273","FDR0.05",0.768845202620609,1.06204796399485,512,"Martin","-100"
"274","FER0.05",0.768845202620609,1.06204796399485,512,"Martin","-100"
"275","log_Periodogram",619.429336809906,612.132599139505,512,"Martin","-100"
"276","BIC",0.229454790888631,0.526264845715545,512,"Martin","-100"
"277","KSF",-0.27369496181759,0.0559908988398381,512,"Martin","-100"
"278","MRI",-0.252977237248923,0.0378692234369309,512,"Martin","-100"
"279","Rectangle window",12.5183794795174,0.794545517466852,512,"Martin","-100"
"280","Hann",10.5415716845299,0.620269373043754,512,"Martin","-100"
"281","FDR0.01",-0.102060063794179,0.331915767179134,256,"Martin","-100"
"282","FER0.01",-0.102060063794179,0.331915767179134,256,"Martin","-100"
"283","FDR0.05",0.558228125129,0.964060020763056,256,"Martin","-100"
"284","FER0.05",0.558228125129,0.964060020763056,256,"Martin","-100"
"285","log_Periodogram",308.801587712109,322.696030449792,256,"Martin","-100"
"286","BIC",0.0800587065235219,0.465644376349967,256,"Martin","-100"
"287","KSF",-0.437692235587692,0.0738749777164033,256,"Martin","-100"
"288","MRI",-0.378006837313472,0.0709659587310167,256,"Martin","-100"
"289","Rectangle window",8.32303265183515,0.787564676798911,256,"Martin","-100"
"290","Hann",6.94466363188241,0.613265300925816,256,"Martin","-100"
"291","FDR0.01",-0.261711521279895,0.333801076255486,128,"Martin","-100"
"292","FER0.01",-0.261711521279895,0.333801076255486,128,"Martin","-100"
"293","FDR0.05",0.371453690798995,0.946154702915064,128,"Martin","-100"
"294","FER0.05",0.371453690798995,0.946154702915064,128,"Martin","-100"
"295","log_Periodogram",158.253239923856,174.421504071596,128,"Martin","-100"
"296","BIC",-0.0797894946540446,0.463480885291467,128,"Martin","-100"
"297","KSF",-0.545334334301655,0.0724641086990381,128,"Martin","-100"
"298","MRI",-0.50027706341231,0.0892846364079326,128,"Martin","-100"
"299","Rectangle window",5.45817130036009,0.782215209362073,128,"Martin","-100"
"300","Hann",4.49136242738519,0.603081070068336,128,"Martin","-100"
"301","FDR0.01",-0.0187837371492578,0.00176169354268958,2048,"id","-20"
"302","FER0.01",-0.0187837371492578,0.00176169354268958,2048,"id","-20"
"303","FDR0.05",-0.0109558708213929,0.00175591913446492,2048,"id","-20"
"304","FER0.05",-0.0109558708213929,0.00175591913446492,2048,"id","-20"
"305","log_Periodogram",108.822400979216,3.18698381202001,2048,"id","-20"
"306","BIC",-0.0155209996465862,0.00174820256506808,2048,"id","-20"
"307","KSF",-0.0242592978054864,0.00176072398096523,2048,"id","-20"
"308","MRI",-0.0284776925520661,0.00175892577180181,2048,"id","-20"
"309","Rectangle window",0.390890727013058,0.00152788709558999,2048,"id","-20"
"310","Hann",0.396309595609184,0.00233405102224174,2048,"id","-20"
"311","FDR0.01",-0.0338113578609696,0.00359045035813588,1024,"id","-20"
"312","FER0.01",-0.0338113578609696,0.00359045035813588,1024,"id","-20"
"313","FDR0.05",-0.0198587586914169,0.00353205842165519,1024,"id","-20"
"314","FER0.05",-0.0198587586914169,0.00353205842165519,1024,"id","-20"
"315","log_Periodogram",76.2674854777488,3.15900366194814,1024,"id","-20"
"316","BIC",-0.0284237540769731,0.00351000809328078,1024,"id","-20"
"317","KSF",-0.0479834583071984,0.00378522173434976,1024,"id","-20"
"318","MRI",-0.0502814124904646,0.00375072974725273,1024,"id","-20"
"319","Rectangle window",0.390080013268798,0.00312357825625927,1024,"id","-20"
"320","Hann",0.397229585391169,0.00457407992365649,1024,"id","-20"
"321","FDR0.01",-0.0624477380867749,0.00741092927871279,512,"id","-20"
"322","FER0.01",-0.0624477380867749,0.00741092927871279,512,"id","-20"
"323","FDR0.05",-0.0386642939044839,0.00753409376991436,512,"id","-20"
"324","FER0.05",-0.0386642939044839,0.00753409376991436,512,"id","-20"
"325","log_Periodogram",53.00381033848,3.19789136566703,512,"id","-20"
"326","BIC",-0.0537191097093734,0.00741092877537188,512,"id","-20"
"327","KSF",-0.0793117015064014,0.00792247106964037,512,"id","-20"
"328","MRI",-0.0836761779132719,0.00753263262514204,512,"id","-20"
"329","Rectangle window",0.385666389990928,0.00629980236834379,512,"id","-20"
"330","Hann",0.392782915246715,0.00911565710470363,512,"id","-20"
"331","FDR0.01",-0.109319636651281,0.0178753236469275,256,"id","-20"
"332","FER0.01",-0.109319636651281,0.0178753236469275,256,"id","-20"
"333","FDR0.05",-0.0660190681380652,0.016784146624987,256,"id","-20"
"334","FER0.05",-0.0660190681380652,0.016784146624987,256,"id","-20"
"335","log_Periodogram",36.5728460460435,3.34850199799931,256,"id","-20"
"336","BIC",-0.0923487094823859,0.016792996056587,256,"id","-20"
"337","KSF",-0.148069559916712,0.0197200569132403,256,"id","-20"
"338","MRI",-0.153713530128575,0.0195115269551524,256,"id","-20"
"339","Rectangle window",0.371163516293908,0.0131325216616643,256,"id","-20"
"340","Hann",0.381003131779625,0.0186446724040568,256,"id","-20"
"341","FDR0.01",-0.195339534160129,0.0341681680131238,128,"id","-20"
"342","FER0.01",-0.195339534160129,0.0341681680131238,128,"id","-20"
"343","FDR0.05",-0.119537201168295,0.0359736404085716,128,"id","-20"
"344","FER0.05",-0.119537201168295,0.0359736404085716,128,"id","-20"
"345","log_Periodogram",25.2521268153695,3.3544024447108,128,"id","-20"
"346","BIC",-0.167735390639571,0.0342703687945378,128,"id","-20"
"347","KSF",-0.232953455092329,0.0332676899450167,128,"id","-20"
"348","MRI",-0.248285949216772,0.0315495751361736,128,"id","-20"
"349","Rectangle window",0.348324247782692,0.0259619973959947,128,"id","-20"
"350","Hann",0.369065285159228,0.0374480275820304,128,"id","-20"
"351","FDR0.01",0.23925601733797,0.4898758643889,2048,"Martin","-20"
"352","FER0.01",0.23925601733797,0.4898758643889,2048,"Martin","-20"
"353","FDR0.05",1.27309595077065,1.41721334526097,2048,"Martin","-20"
"354","FER0.05",1.27309595077065,1.41721334526097,2048,"Martin","-20"
"355","log_Periodogram",2502.47543967797,2459.74783509692,2048,"Martin","-20"
"356","BIC",0.573059022149828,0.798204281271774,2048,"Martin","-20"
"357","KSF",0.0104792519842894,0.205528583709611,2048,"Martin","-20"
"358","MRI",-0.11968537550173,0.0258880107307164,2048,"Martin","-20"
"359","Rectangle window",27.1152950387066,0.767414906483629,2048,"Martin","-20"
"360","Hann",23.1677159920868,0.623443192591496,2048,"Martin","-20"
"361","FDR0.01",0.150455846980046,0.42196837169853,1024,"Martin","-20"
"362","FER0.01",0.150455846980046,0.42196837169853,1024,"Martin","-20"
"363","FDR0.05",1.09697199550897,1.24546180017563,1024,"Martin","-20"
"364","FER0.05",1.09697199550897,1.24546180017563,1024,"Martin","-20"
"365","log_Periodogram",1250.14774384417,1180.19922013892,1024,"Martin","-20"
"366","BIC",0.44629630989398,0.668264093090406,1024,"Martin","-20"
"367","KSF",-0.0581843137159178,0.215936402930999,1024,"Martin","-20"
"368","MRI",-0.179546674706218,0.0299381428772749,1024,"Martin","-20"
"369","Rectangle window",18.6627899768371,0.789209795998154,1024,"Martin","-20"
"370","Hann",15.8492008269159,0.616590925661825,1024,"Martin","-20"
"371","FDR0.01",0.0609916364116325,0.398253339585256,512,"Martin","-20"
"372","FER0.01",0.0609916364116325,0.398253339585256,512,"Martin","-20"
"373","FDR0.05",0.90455616331445,1.17619948684397,512,"Martin","-20"
"374","FER0.05",0.90455616331445,1.17619948684397,512,"Martin","-20"
"375","log_Periodogram",619.804729079069,608.998226394327,512,"Martin","-20"
"376","BIC",0.299707832905914,0.58907005465277,512,"Martin","-20"
"377","KSF",-0.132280619800368,0.21631521771481,512,"Martin","-20"
"378","MRI",-0.248171266134117,0.0425931083026999,512,"Martin","-20"
"379","Rectangle window",12.7312412185243,0.788368558717239,512,"Martin","-20"
"380","Hann",10.6826535682707,0.623711401054565,512,"Martin","-20"
"381","FDR0.01",-0.0495746226360434,0.406286650990446,256,"Martin","-20"
"382","FER0.01",-0.0495746226360434,0.406286650990446,256,"Martin","-20"
"383","FDR0.05",0.711044587582291,1.10805835398281,256,"Martin","-20"
"384","FER0.05",0.711044587582291,1.10805835398281,256,"Martin","-20"
"385","log_Periodogram",307.896281127373,321.223569296303,256,"Martin","-20"
"386","BIC",0.158889468691743,0.552522383971771,256,"Martin","-20"
"387","KSF",-0.234980669571286,0.297427683579221,256,"Martin","-20"
"388","MRI",-0.365252571606844,0.0812504587393326,256,"Martin","-20"
"389","Rectangle window",8.51381671614596,0.783098801934883,256,"Martin","-20"
"390","Hann",7.06342311862301,0.606478952737676,256,"Martin","-20"
"391","FDR0.01",-0.202088671031151,0.4259685576665,128,"Martin","-20"
"392","FER0.01",-0.202088671031151,0.4259685576665,128,"Martin","-20"
"393","FDR0.05",0.522926154175408,1.11265361970605,128,"Martin","-20"
"394","FER0.05",0.522926154175408,1.11265361970605,128,"Martin","-20"
"395","log_Periodogram",156.60271344398,174.740161172552,128,"Martin","-20"
"396","BIC",0.000297979792770699,0.557974208379717,128,"Martin","-20"
"397","KSF",-0.367634671154124,0.34489241646419,128,"Martin","-20"
"398","MRI",-0.502873785599259,0.115718505349595,128,"Martin","-20"
"399","Rectangle window",5.6535683416043,0.799403426726023,128,"Martin","-20"
"400","Hann",4.57985719269766,0.600147991669369,128,"Martin","-20"
"401","FDR0.01",-0.0209675366137923,0.00176497723423081,2048,"id","-50"
"402","FER0.01",-0.0209675366137923,0.00176497723423081,2048,"id","-50"
"403","FDR0.05",-0.0134105201720034,0.00175689560782072,2048,"id","-50"
"404","FER0.05",-0.0134105201720034,0.00175689560782072,2048,"id","-50"
"405","log_Periodogram",108.595890485999,3.19481561709735,2048,"id","-50"
"406","BIC",-0.0177437354873454,0.00175030952738832,2048,"id","-50"
"407","KSF",-0.0288138129084428,0.00179564281705348,2048,"id","-50"
"408","MRI",-0.0305158213418089,0.00176499334568316,2048,"id","-50"
"409","Rectangle window",0.384047042484675,0.00153205858684942,2048,"id","-50"
"410","Hann",0.38758367394415,0.00234010701335575,2048,"id","-50"
"411","FDR0.01",-0.036053874074948,0.00360869793246878,1024,"id","-50"
"412","FER0.01",-0.036053874074948,0.00360869793246878,1024,"id","-50"
"413","FDR0.05",-0.0228775287984601,0.00353848175098119,1024,"id","-50"
"414","FER0.05",-0.0228775287984601,0.00353848175098119,1024,"id","-50"
"415","log_Periodogram",76.0798082362331,3.18240936823799,1024,"id","-50"
"416","BIC",-0.0307976945054793,0.00353779551023968,1024,"id","-50"
"417","KSF",-0.0568573731367947,0.00380323726740406,1024,"id","-50"
"418","MRI",-0.0522132468834103,0.00377985117394442,1024,"id","-50"
"419","Rectangle window",0.381084772088519,0.00315265778805473,1024,"id","-50"
"420","Hann",0.388357714337131,0.00459105603582724,1024,"id","-50"
"421","FDR0.01",-0.063610067678127,0.00743985977521922,512,"id","-50"
"422","FER0.01",-0.063610067678127,0.00743985977521922,512,"id","-50"
"423","FDR0.05",-0.0411924233849814,0.0075228575685759,512,"id","-50"
"424","FER0.05",-0.0411924233849814,0.0075228575685759,512,"id","-50"
"425","log_Periodogram",52.879974366835,3.19701743987277,512,"id","-50"
"426","BIC",-0.055176840203754,0.00744178948226433,512,"id","-50"
"427","KSF",-0.0913021208823118,0.00873594524917913,512,"id","-50"
"428","MRI",-0.0846637724186595,0.00766851470912246,512,"id","-50"
"429","Rectangle window",0.375040966906166,0.00630121806126919,512,"id","-50"
"430","Hann",0.386577098943839,0.00912294385801798,512,"id","-50"
"431","FDR0.01",-0.108659862133544,0.0180448466147303,256,"id","-50"
"432","FER0.01",-0.108659862133544,0.0180448466147303,256,"id","-50"
"433","FDR0.05",-0.0672216776460712,0.0169799060775849,256,"id","-50"
"434","FER0.05",-0.0672216776460712,0.0169799060775849,256,"id","-50"
"435","log_Periodogram",36.5537973582169,3.36466667432259,256,"id","-50"
"436","BIC",-0.0913472888023762,0.0169021503189406,256,"id","-50"
"437","KSF",-0.17361711789477,0.0190302620302623,256,"id","-50"
"438","MRI",-0.153513377514083,0.0192329151415306,256,"id","-50"
"439","Rectangle window",0.36137078829841,0.0132032205763327,256,"id","-50"
"440","Hann",0.382780584437223,0.0187416247468118,256,"id","-50"
"441","FDR0.01",-0.183748496707912,0.03271740821767,128,"id","-50"
"442","FER0.01",-0.183748496707912,0.03271740821767,128,"id","-50"
"443","FDR0.05",-0.115954428892693,0.034978126871937,128,"id","-50"
"444","FER0.05",-0.115954428892693,0.034978126871937,128,"id","-50"
"445","log_Periodogram",25.3581907946791,3.33975014245515,128,"id","-50"
"446","BIC",-0.158753947836086,0.0331586662961409,128,"id","-50"
"447","KSF",-0.239025291572292,0.0310175464603893,128,"id","-50"
"448","MRI",-0.228961281750039,0.030227747728068,128,"id","-50"
"449","Rectangle window",0.340890559754311,0.0259126501353713,128,"id","-50"
"450","Hann",0.384748590268109,0.0371500729127204,128,"id","-50"
"451","FDR0.01",0.204555980587943,0.43750579431123,2048,"Martin","-50"
"452","FER0.01",0.204555980587943,0.43750579431123,2048,"Martin","-50"
"453","FDR0.05",1.16885142314616,1.31806244665993,2048,"Martin","-50"
"454","FER0.05",1.16885142314616,1.31806244665993,2048,"Martin","-50"
"455","log_Periodogram",2498.1252972751,2468.23076776038,2048,"Martin","-50"
"456","BIC",0.523356637108376,0.737461345914777,2048,"Martin","-50"
"457","KSF",-0.0531563113560042,0.118331577920756,2048,"Martin","-50"
"458","MRI",-0.121510870044509,0.0218993819922348,2048,"Martin","-50"
"459","Rectangle window",26.89584275146,0.76955517233084,2048,"Martin","-50"
"460","Hann",22.9977615166712,0.628173987066822,2048,"Martin","-50"
"461","FDR0.01",0.107644329630492,0.368381325997391,1024,"Martin","-50"
"462","FER0.01",0.107644329630492,0.368381325997391,1024,"Martin","-50"
"463","FDR0.05",0.966220574758527,1.14474571888934,1024,"Martin","-50"
"464","FER0.05",0.966220574758527,1.14474571888934,1024,"Martin","-50"
"465","log_Periodogram",1248.05598709476,1188.09458456529,1024,"Martin","-50"
"466","BIC",0.371222601997284,0.599184720874168,1024,"Martin","-50"
"467","KSF",-0.171250507594116,0.0708982498387395,1024,"Martin","-50"
"468","MRI",-0.179672138308632,0.031680520909662,1024,"Martin","-50"
"469","Rectangle window",18.4439837413061,0.795730896976774,1024,"Martin","-50"
"470","Hann",15.6874090392858,0.62126391492754,1024,"Martin","-50"
"471","FDR0.01",0.0194040718027151,0.356445238162935,512,"Martin","-50"
"472","FER0.01",0.0194040718027151,0.356445238162935,512,"Martin","-50"
"473","FDR0.05",0.771682157377393,1.06777251780964,512,"Martin","-50"
"474","FER0.05",0.771682157377393,1.06777251780964,512,"Martin","-50"
"475","log_Periodogram",619.359527760604,609.540870565851,512,"Martin","-50"
"476","BIC",0.230358191725385,0.526001494571563,512,"Martin","-50"
"477","KSF",-0.2440048475731,0.0803698720136776,512,"Martin","-50"
"478","MRI",-0.254469890015164,0.035818669327632,512,"Martin","-50"
"479","Rectangle window",12.5185639649363,0.793664201246592,512,"Martin","-50"
"480","Hann",10.5414947426598,0.620890318991909,512,"Martin","-50"
"481","FDR0.01",-0.102902790150453,0.328325773420526,256,"Martin","-50"
"482","FER0.01",-0.102902790150453,0.328325773420526,256,"Martin","-50"
"483","FDR0.05",0.557669885781561,0.968039701635361,256,"Martin","-50"
"484","FER0.05",0.557669885781561,0.968039701635361,256,"Martin","-50"
"485","log_Periodogram",308.770062134756,323.585747310723,256,"Martin","-50"
"486","BIC",0.0819089379067782,0.466658025719793,256,"Martin","-50"
"487","KSF",-0.398962826642432,0.102707562141358,256,"Martin","-50"
"488","MRI",-0.378362735905156,0.0705001868329477,256,"Martin","-50"
"489","Rectangle window",8.32363335029166,0.788076881474462,256,"Martin","-50"
"490","Hann",6.94559322651545,0.614265765503287,256,"Martin","-50"
"491","FDR0.01",-0.259178651462726,0.337806430268458,128,"Martin","-50"
"492","FER0.01",-0.259178651462726,0.337806430268458,128,"Martin","-50"
"493","FDR0.05",0.37301889775187,0.941892122912751,128,"Martin","-50"
"494","FER0.05",0.37301889775187,0.941892122912751,128,"Martin","-50"
"495","log_Periodogram",158.238227351188,174.408555189723,128,"Martin","-50"
"496","BIC",-0.0790946956305214,0.461572004806684,128,"Martin","-50"
"497","KSF",-0.517768197419683,0.0994570881779462,128,"Martin","-50"
"498","MRI",-0.501204781988007,0.0878460620079484,128,"Martin","-50"
"499","Rectangle window",5.45866359208353,0.779548300771548,128,"Martin","-50"
"500","Hann",4.49156468702347,0.603907563925484,128,"Martin","-50"
"501","FDR0.01",-0.0130489728704699,0.00175912492605698,2048,"id","1"
"502","FER0.01",-0.0130489728704699,0.00175912492605698,2048,"id","1"
"503","FDR0.05",-0.00387673856522843,0.0017552695790632,2048,"id","1"
"504","FER0.05",-0.00387673856522843,0.0017552695790632,2048,"id","1"
"505","log_Periodogram",109.805366858957,3.15812335501273,2048,"id","1"
"506","BIC",-0.00951690533601181,0.00174492532444826,2048,"id","1"
"507","KSF",-0.0198167309393503,0.00176106893222166,2048,"id","1"
"508","MRI",-0.0232531499289599,0.00176338879644964,2048,"id","1"
"509","Rectangle window",0.413781529082022,0.00151146431151375,2048,"id","1"
"510","Hann",0.453921384416083,0.00228061457241689,2048,"id","1"
"511","FDR0.01",-0.0217484870761516,0.00358951367489429,1024,"id","1"
"512","FER0.01",-0.0217484870761516,0.00358951367489429,1024,"id","1"
"513","FDR0.05",-0.00328145609584927,0.0035791051773138,1024,"id","1"
"514","FER0.05",-0.00328145609584927,0.0035791051773138,1024,"id","1"
"515","log_Periodogram",77.5235355919978,3.10935134105963,1024,"id","1"
"516","BIC",-0.0155409640976015,0.00351053913711108,1024,"id","1"
"517","KSF",-0.0399162851658144,0.00387361111712543,1024,"id","1"
"518","MRI",-0.0401472747451664,0.00373374781898287,1024,"id","1"
"519","Rectangle window",0.431263013904528,0.00306575745308326,1024,"id","1"
"520","Hann",0.497229455014189,0.00441074899098543,1024,"id","1"
"521","FDR0.01",-0.0376440533721864,0.00746661628553502,512,"id","1"
"522","FER0.01",-0.0376440533721864,0.00746661628553502,512,"id","1"
"523","FDR0.05",0.000103453700776018,0.00771729322423299,512,"id","1"
"524","FER0.05",0.000103453700776018,0.00771729322423299,512,"id","1"
"525","log_Periodogram",54.5801021721715,3.12362848411035,512,"id","1"
"526","BIC",-0.0266481582736985,0.00740081760806242,512,"id","1"
"527","KSF",-0.0622449276432994,0.0079641747171571,512,"id","1"
"528","MRI",-0.06425719517765,0.00754933313546356,512,"id","1"
"529","Rectangle window",0.458315491233404,0.00611678265523874,512,"id","1"
"530","Hann",0.559441038652464,0.00853403988877145,512,"id","1"
"531","FDR0.01",-0.0563009840479809,0.0178354180155476,256,"id","1"
"532","FER0.01",-0.0563009840479809,0.0178354180155476,256,"id","1"
"533","FDR0.05",0.0188317134425593,0.0176082962229743,256,"id","1"
"534","FER0.05",0.0188317134425593,0.0176082962229743,256,"id","1"
"535","log_Periodogram",38.4984445748697,3.19804428597005,256,"id","1"
"536","BIC",-0.0357580182480562,0.016654769056227,256,"id","1"
"537","KSF",-0.107939529158137,0.020264678237401,256,"id","1"
"538","MRI",-0.111296028858864,0.0191994825026109,256,"id","1"
"539","Rectangle window",0.496108484697982,0.0123994654861342,256,"id","1"
"540","Hann",0.648744246946432,0.0165976079764865,256,"id","1"
"541","FDR0.01",-0.0759360857839592,0.0353730517378802,128,"id","1"
"542","FER0.01",-0.0759360857839592,0.0353730517378802,128,"id","1"
"543","FDR0.05",0.0686555537774869,0.0372172674339654,128,"id","1"
"544","FER0.05",0.0686555537774869,0.0372172674339654,128,"id","1"
"545","log_Periodogram",27.5245009071622,3.11388804271604,128,"id","1"
"546","BIC",-0.0437144679602352,0.0340674515986737,128,"id","1"
"547","KSF",-0.144234017839069,0.0358719528043455,128,"id","1"
"548","MRI",-0.167215513916783,0.0323691830438399,128,"id","1"
"549","Rectangle window",0.565428306498117,0.0239155332398884,128,"id","1"
"550","Hann",0.782259611929848,0.0313499234729428,128,"id","1"
"551","FDR0.01",-0.312809157047744,0.685920405032073,2048,"Martin","1"
"552","FER0.01",-0.312809157047744,0.685920405032073,2048,"Martin","1"
"553","FDR0.05",1.04617112455828,1.76531660137507,2048,"Martin","1"
"554","FER0.05",1.04617112455828,1.76531660137507,2048,"Martin","1"
"555","log_Periodogram",2525.85187016957,2438.63053789179,2048,"Martin","1"
"556","BIC",0.118540906583737,1.02832332477086,2048,"Martin","1"
"557","KSF",-0.680286783397597,0.229681211013818,2048,"Martin","1"
"558","MRI",-0.811486048331538,0.037225999511596,2048,"Martin","1"
"559","Rectangle window",27.1977905389981,0.760440047056703,2048,"Martin","1"
"560","Hann",23.3858434008307,0.609337193567758,2048,"Martin","1"
"561","FDR0.01",-0.291716693472179,0.71966007013733,1024,"Martin","1"
"562","FER0.01",-0.291716693472179,0.71966007013733,1024,"Martin","1"
"563","FDR0.05",1.13260442618257,1.77577702269328,1024,"Martin","1"
"564","FER0.05",1.13260442618257,1.77577702269328,1024,"Martin","1"
"565","log_Periodogram",1271.04692712831,1160.06084417068,1024,"Martin","1"
"566","BIC",0.113129071501007,0.979872368529254,1024,"Martin","1"
"567","KSF",-0.715663765860797,0.282943780241067,1024,"Martin","1"
"568","MRI",-0.850927136233597,0.0604715010074429,1024,"Martin","1"
"569","Rectangle window",18.9301148197944,0.777480460364356,1024,"Martin","1"
"570","Hann",16.2386255945808,0.604448292513815,1024,"Martin","1"
"571","FDR0.01",-0.223645510772673,0.845665526900261,512,"Martin","1"
"572","FER0.01",-0.223645510772673,0.845665526900261,512,"Martin","1"
"573","FDR0.05",1.31209714167581,1.86016585817296,512,"Martin","1"
"574","FER0.05",1.31209714167581,1.86016585817296,512,"Martin","1"
"575","log_Periodogram",638.215245694248,592.332016028677,512,"Martin","1"
"576","BIC",0.165187898259173,1.0226483513459,512,"Martin","1"
"577","KSF",-0.75761515330628,0.315108117139391,512,"Martin","1"
"578","MRI",-0.867014561177628,0.124162010371592,512,"Martin","1"
"579","Rectangle window",13.2018238155376,0.781382143433946,512,"Martin","1"
"580","Hann",11.2462571025298,0.600836176571657,512,"Martin","1"
"581","FDR0.01",-0.120797463910115,1.06344421946138,256,"Martin","1"
"582","FER0.01",-0.120797463910115,1.06344421946138,256,"Martin","1"
"583","FDR0.05",1.51206874087246,1.93016586225493,256,"Martin","1"
"584","FER0.05",1.51206874087246,1.93016586225493,256,"Martin","1"
"585","log_Periodogram",323.472473453139,307.21097212846,256,"Martin","1"
"586","BIC",0.264731451165456,1.15333293154285,256,"Martin","1"
"587","KSF",-0.643981933634494,0.725639641023611,256,"Martin","1"
"588","MRI",-0.89317131132152,0.25711886601261,256,"Martin","1"
"589","Rectangle window",9.16867868903907,0.759525100304598,256,"Martin","1"
"590","Hann",7.77889964128851,0.565768092789598,256,"Martin","1"
"591","FDR0.01",0.0635604871744866,1.45348869331117,128,"Martin","1"
"592","FER0.01",0.0635604871744866,1.45348869331117,128,"Martin","1"
"593","FDR0.05",1.79703092706563,1.89600895851059,128,"Martin","1"
"594","FER0.05",1.79703092706563,1.89600895851059,128,"Martin","1"
"595","log_Periodogram",168.952224825744,161.60108741917,128,"Martin","1"
"596","BIC",0.420036018526872,1.33947897139598,128,"Martin","1"
"597","KSF",-0.566067816503029,1.34600461230004,128,"Martin","1"
"598","MRI",-0.909454752939469,0.538196638746378,128,"Martin","1"
"599","Rectangle window",6.56993442553406,0.872894756177369,128,"Martin","1"
"600","Hann",5.6681216364851,0.565557444457589,128,"Martin","1"
"601","FDR0.01",-0.0150777402470747,0.00175703261558698,2048,"id","10"
"602","FER0.01",-0.0150777402470747,0.00175703261558698,2048,"id","10"
"603","FDR0.05",-0.0047454161549501,0.00175306627227124,2048,"id","10"
"604","FER0.05",-0.0047454161549501,0.00175306627227124,2048,"id","10"
"605","log_Periodogram",110.411502019035,3.14168826174472,2048,"id","10"
"606","BIC",-0.0112882936057927,0.00174540548576093,2048,"id","10"
"607","KSF",-0.0234577080317748,0.00178926933538346,2048,"id","10"
"608","MRI",-0.0256215248269456,0.00176297397891248,2048,"id","10"
"609","Rectangle window",0.423301998391547,0.00150242825100076,2048,"id","10"
"610","Hann",0.48684538966312,0.00225090128371265,2048,"id","10"
"611","FDR0.01",-0.0250910336408534,0.00359635198694999,1024,"id","10"
"612","FER0.01",-0.0250910336408534,0.00359635198694999,1024,"id","10"
"613","FDR0.05",-0.00222172857813076,0.00361683735704329,1024,"id","10"
"614","FER0.05",-0.00222172857813076,0.00361683735704329,1024,"id","10"
"615","log_Periodogram",78.3165300519691,3.07945678199837,1024,"id","10"
"616","BIC",-0.0181607307017062,0.00351866085927973,1024,"id","10"
"617","KSF",-0.0489049227069189,0.00388375506703867,1024,"id","10"
"618","MRI",-0.0450563329875225,0.00372223599392032,1024,"id","10"
"619","Rectangle window",0.448177799364763,0.0030318913869022,1024,"id","10"
"620","Hann",0.556045446608552,0.00431512956063673,1024,"id","10"
"621","FDR0.01",-0.0416520777466506,0.00749439223851062,512,"id","10"
"622","FER0.01",-0.0416520777466506,0.00749439223851062,512,"id","10"
"623","FDR0.05",0.0101830281130875,0.00802529405880178,512,"id","10"
"624","FER0.05",0.0101830281130875,0.00802529405880178,512,"id","10"
"625","log_Periodogram",55.6066381015972,3.07740714282509,512,"id","10"
"626","BIC",-0.0289582053838872,0.00743142729945781,512,"id","10"
"627","KSF",-0.0759281253468616,0.00841893148780661,512,"id","10"
"628","MRI",-0.0738664021097901,0.00758825200187241,512,"id","10"
"629","Rectangle window",0.487829694643142,0.00601092188483702,512,"id","10"
"630","Hann",0.661703351633462,0.00822362309055095,512,"id","10"
"631","FDR0.01",-0.0538300470121016,0.0182766680759452,256,"id","10"
"632","FER0.01",-0.0538300470121016,0.0182766680759452,256,"id","10"
"633","FDR0.05",0.0583016331955448,0.0182189251375138,256,"id","10"
"634","FER0.05",0.0583016331955448,0.0182189251375138,256,"id","10"
"635","log_Periodogram",39.8016783289279,3.10803906060392,256,"id","10"
"636","BIC",-0.0319815629608785,0.0170918236533691,256,"id","10"
"637","KSF",-0.130598340198044,0.0207620046220875,256,"id","10"
"638","MRI",-0.127208244121347,0.0190359009562276,256,"id","10"
"639","Rectangle window",0.545922648460671,0.0120057542319599,256,"id","10"
"640","Hann",0.821143009735913,0.0155901739316676,256,"id","10"
"641","FDR0.01",-0.0368598709978773,0.0364097341974346,128,"id","10"
"642","FER0.01",-0.0368598709978773,0.0364097341974346,128,"id","10"
"643","FDR0.05",0.173985574018926,0.0363222613435404,128,"id","10"
"644","FER0.05",0.173985574018926,0.0363222613435404,128,"id","10"
"645","log_Periodogram",29.133764586419,2.96819397245843,128,"id","10"
"646","BIC",-0.0102561217795698,0.0339970210404469,128,"id","10"
"647","KSF",-0.14771943118904,0.040551195211371,128,"id","10"
"648","MRI",-0.182935119722695,0.0327248786168937,128,"id","10"
"649","Rectangle window",0.648186197048455,0.0228455723235767,128,"id","10"
"650","Hann",1.06083860887129,0.0284036579624933,128,"id","10"
"651","FDR0.01",-1.24808366265372,0.847549002708809,2048,"Martin","10"
"652","FER0.01",-1.24808366265372,0.847549002708809,2048,"Martin","10"
"653","FDR0.05",0.32886206031688,1.99073223075414,2048,"Martin","10"
"654","FER0.05",0.32886206031688,1.99073223075414,2048,"Martin","10"
"655","log_Periodogram",2540.08089075949,2425.51435269189,2048,"Martin","10"
"656","BIC",-0.745663710782057,1.18757458300549,2048,"Martin","10"
"657","KSF",-1.74810751897418,0.21702538738346,2048,"Martin","10"
"658","MRI",-1.85741271130233,0.0501540621275094,2048,"Martin","10"
"659","Rectangle window",26.6498554822092,0.75717298121966,2048,"Martin","10"
"660","Hann",22.9993756314907,0.601636058841147,2048,"Martin","10"
"661","FDR0.01",-1.11812458596768,0.980483145031173,1024,"Martin","10"
"662","FER0.01",-1.11812458596768,0.980483145031173,1024,"Martin","10"
"663","FDR0.05",0.687566830248165,2.12210270850795,1024,"Martin","10"
"664","FER0.05",0.687566830248165,2.12210270850795,1024,"Martin","10"
"665","log_Periodogram",1284.13196894679,1148.05448546242,1024,"Martin","10"
"666","BIC",-0.625474985094047,1.2104936696728,1024,"Martin","10"
"667","KSF",-1.7974951252353,0.252956486501376,1024,"Martin","10"
"668","MRI",-1.87939374605716,0.0915970071931572,1024,"Martin","10"
"669","Rectangle window",18.5226863182163,0.770923366320937,1024,"Martin","10"
"670","Hann",16.0208141556002,0.592429089017021,1024,"Martin","10"
"671","FDR0.01",-0.864445192371595,1.25469075773359,512,"Martin","10"
"672","FER0.01",-0.864445192371595,1.25469075773359,512,"Martin","10"
"673","FDR0.05",1.23679977262441,2.27947283933409,512,"Martin","10"
"674","FER0.05",1.23679977262441,2.27947283933409,512,"Martin","10"
"675","log_Periodogram",650.168868659282,582.550928932413,512,"Martin","10"
"676","BIC",-0.365996843438271,1.29217712314072,512,"Martin","10"
"677","KSF",-1.77645072055464,0.390186078831988,512,"Martin","10"
"678","MRI",-1.85448847070355,0.21108907759822,512,"Martin","10"
"679","Rectangle window",12.9512587100632,0.776530506120385,512,"Martin","10"
"680","Hann",11.2118867249069,0.581326224366903,512,"Martin","10"
"681","FDR0.01",-0.38836032372323,1.70613652469637,256,"Martin","10"
"682","FER0.01",-0.38836032372323,1.70613652469637,256,"Martin","10"
"683","FDR0.05",1.9332452809356,2.09855877494715,256,"Martin","10"
"684","FER0.05",1.9332452809356,2.09855877494715,256,"Martin","10"
"685","log_Periodogram",334.085520136173,298.025204683107,256,"Martin","10"
"686","BIC",0.0356833198925358,1.48190260245345,256,"Martin","10"
"687","KSF",-1.4775031507261,1.16441330366018,256,"Martin","10"
"688","MRI",-1.75807124178446,0.518312268102115,256,"Martin","10"
"689","Rectangle window",9.08183341080635,0.746402310009303,256,"Martin","10"
"690","Hann",7.93161141462329,0.538222677193606,256,"Martin","10"
"691","FDR0.01",0.283892354621198,2.05304771644702,128,"Martin","10"
"692","FER0.01",0.283892354621198,2.05304771644702,128,"Martin","10"
"693","FDR0.05",2.54668636754339,1.71966013745665,128,"Martin","10"
"694","FER0.05",2.54668636754339,1.71966013745665,128,"Martin","10"
"695","log_Periodogram",177.871096700127,153.401071619443,128,"Martin","10"
"696","BIC",0.538890570849563,1.62239190209238,128,"Martin","10"
"697","KSF",-0.975059288736818,2.85635196868079,128,"Martin","10"
"698","MRI",-1.54207818252188,1.17195674419371,128,"Martin","10"
"699","Rectangle window",6.64017904162565,0.89885619425882,128,"Martin","10"
"700","Hann",6.1711004954174,0.549325162840184,128,"Martin","10"
"701","FDR0.01",-0.163002532025747,0.00196699432967253,2048,"id","100"
"702","FER0.01",-0.163002532025747,0.00196699432967253,2048,"id","100"
"703","FDR0.05",-0.0332765078316004,0.00213198044273612,2048,"id","100"
"704","FER0.05",-0.0332765078316004,0.00213198044273612,2048,"id","100"
"705","log_Periodogram",121.971499714278,2.87022430538417,2048,"id","100"
"706","BIC",-0.168019085572182,0.00176712381433998,2048,"id","100"
"707","KSF",-0.226334857188445,0.0019950099462004,2048,"id","100"
"708","MRI",-0.220467784660415,0.00178645128102413,2048,"id","100"
"709","Rectangle window",0.474286899162703,0.00136150221438683,2048,"id","100"
"710","Hann",1.32206603633267,0.00129227195828078,2048,"id","100"
"711","FDR0.01",-0.127152117725098,0.00413147027101781,1024,"id","100"
"712","FER0.01",-0.127152117725098,0.00413147027101781,1024,"id","100"
"713","FDR0.05",0.115967308587785,0.00376270993150471,1024,"id","100"
"714","FER0.05",0.115967308587785,0.00376270993150471,1024,"id","100"
"715","log_Periodogram",93.2408956658782,2.63925820757221,1024,"id","100"
"716","BIC",-0.208377843783108,0.0037435543979707,1024,"id","100"
"717","KSF",-0.421795504741162,0.00513257807640746,1024,"id","100"
"718","MRI",-0.382524543259174,0.00395515114103369,1024,"id","100"
"719","Rectangle window",0.525781779020557,0.00256008195379994,1024,"id","100"
"720","Hann",1.5964078599297,0.0018912446197602,1024,"id","100"
"721","FDR0.01",0.0485242643933442,0.00704414962010741,512,"id","100"
"722","FER0.01",0.0485242643933442,0.00704414962010741,512,"id","100"
"723","FDR0.05",0.331473990230265,0.00644223539598072,512,"id","100"
"724","FER0.05",0.331473990230265,0.00644223539598072,512,"id","100"
"725","log_Periodogram",74.2341799828294,2.49861320245636,512,"id","100"
"726","BIC",-0.111251078326539,0.00658657004253576,512,"id","100"
"727","KSF",-0.146119446650574,0.0109516820354269,512,"id","100"
"728","MRI",-0.472124760502831,0.00896388936906663,512,"id","100"
"729","Rectangle window",0.597677014345333,0.00480704584462292,512,"id","100"
"730","Hann",1.77757940544921,0.00298375811842899,512,"id","100"
"731","FDR0.01",0.312935003295709,0.0143796388948624,256,"id","100"
"732","FER0.01",0.312935003295709,0.0143796388948624,256,"id","100"
"733","FDR0.05",0.541474280454157,0.0115015016490272,256,"id","100"
"734","FER0.05",0.541474280454157,0.0115015016490272,256,"id","100"
"735","log_Periodogram",61.9669929300286,2.25745117220664,256,"id","100"
"736","BIC",0.127681093013932,0.0144797175252434,256,"id","100"
"737","KSF",0.0158893311697436,0.0356252271008469,256,"id","100"
"738","MRI",-0.289824360354556,0.0144623617470047,256,"id","100"
"739","Rectangle window",0.686839235406086,0.00866475622014175,256,"id","100"
"740","Hann",1.83538837002642,0.00111743354310427,256,"id","100"
"741","FDR0.01",0.569532276218985,0.028551132444788,128,"id","100"
"742","FER0.01",0.569532276218985,0.028551132444788,128,"id","100"
"743","FDR0.05",0.717496891248104,0.0219400310198923,128,"id","100"
"744","FER0.05",0.717496891248104,0.0219400310198923,128,"id","100"
"745","log_Periodogram",54.0201304927359,2.05166316213674,128,"id","100"
"746","BIC",0.412427243027294,0.0321858431981995,128,"id","100"
"747","KSF",0.530697014552187,0.0302547844353932,128,"id","100"
"748","MRI",0.0626297884671275,0.0341201305384217,128,"id","100"
"749","Rectangle window",0.810353408260644,0.0169869652762599,128,"id","100"
"750","Hann",0.933791972458992,8.09626983455699e-06,128,"id","100"
"751","FDR0.01",-10.9307779321274,3.95972873395855,2048,"Martin","100"
"752","FER0.01",-10.9307779321274,3.95972873395855,2048,"Martin","100"
"753","FDR0.05",-1.81030164504422,2.71130884374316,2048,"Martin","100"
"754","FER0.05",-1.81030164504422,2.71130884374316,2048,"Martin","100"
"755","log_Periodogram",2823.03243343998,2204.33737416471,2048,"Martin","100"
"756","BIC",-11.3729414948326,2.16868221831524,2048,"Martin","100"
"757","KSF",-18.2465646553611,1.49132203261279,2048,"Martin","100"
"758","MRI",-17.961042836733,1.61485045410904,2048,"Martin","100"
"759","Rectangle window",18.9352629950838,0.726071273323333,2048,"Martin","100"
"760","Hann",10.8761555403867,0.452539863241874,2048,"Martin","100"
"761","FDR0.01",-3.80455647262351,1.98766891728831,1024,"Martin","100"
"762","FER0.01",-3.80455647262351,1.98766891728831,1024,"Martin","100"
"763","FDR0.05",3.12907073426529,1.40646582771999,1024,"Martin","100"
"764","FER0.05",3.12907073426529,1.40646582771999,1024,"Martin","100"
"765","log_Periodogram",1541.74509305825,978.082786977777,1024,"Martin","100"
"766","BIC",-6.6646812183698,1.83156027839259,1024,"Martin","100"
"767","KSF",-17.4454895756306,7.06103079149948,1024,"Martin","100"
"768","MRI",-14.760640600182,3.07215171540296,1024,"Martin","100"
"769","Rectangle window",12.8022017150874,0.708905356385012,1024,"Martin","100"
"770","Hann",4.01036723919204,0.351435923009467,1024,"Martin","100"
"771","FDR0.01",0.955358668745443,1.18212327578396,512,"Martin","100"
"772","FER0.01",0.955358668745443,1.18212327578396,512,"Martin","100"
"773","FDR0.05",5.2207359814249,1.1123283874973,512,"Martin","100"
"774","FER0.05",5.2207359814249,1.1123283874973,512,"Martin","100"
"775","log_Periodogram",877.311765378556,468.066147247803,512,"Martin","100"
"776","BIC",-1.67479931950831,1.19560979192499,512,"Martin","100"
"777","KSF",-1.53394080650219,1.58482301668061,512,"Martin","100"
"778","MRI",-8.39604774150742,2.1198838747494,512,"Martin","100"
"779","Rectangle window",9.03049017012964,0.737764948868773,512,"Martin","100"
"780","Hann",-1.78829968642674,0.181718145184183,512,"Martin","100"
"781","FDR0.01",3.31630415519348,1.25879515298,256,"Martin","100"
"782","FER0.01",3.31630415519348,1.25879515298,256,"Martin","100"
"783","FDR0.05",5.39156201140406,0.965561787191513,256,"Martin","100"
"784","FER0.05",5.39156201140406,0.965561787191513,256,"Martin","100"
"785","log_Periodogram",524.009850869317,214.085477919034,256,"Martin","100"
"786","BIC",1.58211959837653,1.22026619831256,256,"Martin","100"
"787","KSF",0.786364906884669,2.34332678113723,256,"Martin","100"
"788","MRI",-2.36449255991648,1.10553430143144,256,"Martin","100"
"789","Rectangle window",6.6399934241772,0.685434241135123,256,"Martin","100"
"790","Hann",-5.08763815959581,0.0842880299142741,256,"Martin","100"
"791","FDR0.01",3.93916438244242,1.81204472212661,128,"Martin","100"
"792","FER0.01",3.93916438244242,1.81204472212661,128,"Martin","100"
"793","FDR0.05",4.82767212450484,1.28167799588673,128,"Martin","100"
"794","FER0.05",4.82767212450484,1.28167799588673,128,"Martin","100"
"795","log_Periodogram",325.842006014782,102.283008902368,128,"Martin","100"
"796","BIC",2.93389830071593,2.07796704588937,128,"Martin","100"
"797","KSF",3.69846216650062,1.92538258752729,128,"Martin","100"
"798","MRI",0.601779684978692,2.06015471628931,128,"Martin","100"
"799","Rectangle window",5.30859046015967,0.973874646782591,128,"Martin","100"
"800","Hann",-8.39853913036526,0.00212958582435905,128,"Martin","100"
"801","FDR0.01",-0.0216163647315197,0.00175681906177253,2048,"id","20"
"802","FER0.01",-0.0216163647315197,0.00175681906177253,2048,"id","20"
"803","FDR0.05",-0.00937077575480143,0.001758293079295,2048,"id","20"
"804","FER0.05",-0.00937077575480143,0.001758293079295,2048,"id","20"
"805","log_Periodogram",111.210233334142,3.12043236949903,2048,"id","20"
"806","BIC",-0.0175774274393738,0.00174337878887564,2048,"id","20"
"807","KSF",-0.0314810715762591,0.00181091690458566,2048,"id","20"
"808","MRI",-0.0327541568062717,0.00176848059853578,2048,"id","20"
"809","Rectangle window",0.432355002007856,0.00149091137644243,2048,"id","20"
"810","Hann",0.527127204653846,0.00221033939616458,2048,"id","20"
"811","FDR0.01",-0.0365166992511892,0.00360386101270046,1024,"id","20"
"812","FER0.01",-0.0365166992511892,0.00360386101270046,1024,"id","20"
"813","FDR0.05",-0.00593907275031891,0.00368048868524453,1024,"id","20"
"814","FER0.05",-0.00593907275031891,0.00368048868524453,1024,"id","20"
"815","log_Periodogram",79.3653576407753,3.0408260591231,1024,"id","20"
"816","BIC",-0.0287150885882425,0.00352944760815575,1024,"id","20"
"817","KSF",-0.0654754955958747,0.00383565405462378,1024,"id","20"
"818","MRI",-0.0593679948503583,0.00373583161234876,1024,"id","20"
"819","Rectangle window",0.46375804526069,0.00298866905679649,1024,"id","20"
"820","Hann",0.62724529449107,0.00419291724184729,1024,"id","20"
"821","FDR0.01",-0.0571880322461166,0.00767126791640195,512,"id","20"
"822","FER0.01",-0.0571880322461166,0.00767126791640195,512,"id","20"
"823","FDR0.05",0.0209851115376871,0.00850772006108717,512,"id","20"
"824","FER0.05",0.0209851115376871,0.00850772006108717,512,"id","20"
"825","log_Periodogram",56.9649660710309,3.01832171332575,512,"id","20"
"826","BIC",-0.0434826466107733,0.00746238844142279,512,"id","20"
"827","KSF",-0.107785291488087,0.00862573007672629,512,"id","20"
"828","MRI",-0.101020854249733,0.00769108098912548,512,"id","20"
"829","Rectangle window",0.513773105538244,0.00587922262951078,512,"id","20"
"830","Hann",0.782773319552471,0.00786780686526758,512,"id","20"
"831","FDR0.01",-0.0584734643169728,0.0195434467832417,256,"id","20"
"832","FER0.01",-0.0584734643169728,0.0195434467832417,256,"id","20"
"833","FDR0.05",0.112408846999487,0.0180314554076888,256,"id","20"
"834","FER0.05",0.112408846999487,0.0180314554076888,256,"id","20"
"835","log_Periodogram",41.5157925592531,2.99812460103246,256,"id","20"
"836","BIC",-0.0404023422114171,0.0172818935222392,256,"id","20"
"837","KSF",-0.178551017116278,0.0221038651117832,256,"id","20"
"838","MRI",-0.173323792709337,0.0192229676845312,256,"id","20"
"839","Rectangle window",0.586531003019323,0.0115422654892438,256,"id","20"
"840","Hann",1.0171393266664,0.0145182692370886,256,"id","20"
"841","FDR0.01",0.0194927156255848,0.0360014076667001,128,"id","20"
"842","FER0.01",0.0194927156255848,0.0360014076667001,128,"id","20"
"843","FDR0.05",0.285084105053379,0.0327611656435989,128,"id","20"
"844","FER0.05",0.285084105053379,0.0327611656435989,128,"id","20"
"845","log_Periodogram",31.2121205911729,2.80778666085953,128,"id","20"
"846","BIC",0.0177221349584973,0.032933255330317,128,"id","20"
"847","KSF",-0.128654160476509,0.0518141825492657,128,"id","20"
"848","MRI",-0.227700182660011,0.0327697924735484,128,"id","20"
"849","Rectangle window",0.707283102766112,0.0217251078846045,128,"id","20"
"850","Hann",1.33965058632452,0.0251384841682501,128,"id","20"
"851","FDR0.01",-2.6853583824987,1.06685907484189,2048,"Martin","20"
"852","FER0.01",-2.6853583824987,1.06685907484189,2048,"Martin","20"
"853","FDR0.05",-0.773610802902058,2.32711664681909,2048,"Martin","20"
"854","FER0.05",-0.773610802902058,2.32711664681909,2048,"Martin","20"
"855","log_Periodogram",2558.8316654244,2408.26789800441,2048,"Martin","20"
"856","BIC",-2.10380835243883,1.3747853392474,2048,"Martin","20"
"857","KSF",-3.3551237636407,0.253588882030816,2048,"Martin","20"
"858","MRI",-3.46847137093285,0.0742226649209915,2048,"Martin","20"
"859","Rectangle window",25.6990532243326,0.753399179099133,2048,"Martin","20"
"860","Hann",22.2812888579705,0.591388398584617,2048,"Martin","20"
"861","FDR0.01",-2.36471371242247,1.37336845324377,1024,"Martin","20"
"862","FER0.01",-2.36471371242247,1.37336845324377,1024,"Martin","20"
"863","FDR0.05",0.0225235570018251,2.58356102893178,1024,"Martin","20"
"864","FER0.05",0.0225235570018251,2.58356102893178,1024,"Martin","20"
"865","log_Periodogram",1301.47624124545,1132.63973474924,1024,"Martin","20"
"866","BIC",-1.76131475835487,1.46972833066062,1024,"Martin","20"
"867","KSF",-3.39933270307548,0.304029218990076,1024,"Martin","20"
"868","MRI",-3.45480361312268,0.162594518177712,1024,"Martin","20"
"869","Rectangle window",17.7582299389351,0.762994695094853,1024,"Martin","20"
"870","Hann",15.5240953733764,0.578135951529657,1024,"Martin","20"
"871","FDR0.01",-1.70756960384691,1.86794503866086,512,"Martin","20"
"872","FER0.01",-1.70756960384691,1.86794503866086,512,"Martin","20"
"873","FDR0.05",1.23688888637541,2.56469626167531,512,"Martin","20"
"874","FER0.05",1.23688888637541,2.56469626167531,512,"Martin","20"
"875","log_Periodogram",666.054919401512,570.241399710971,512,"Martin","20"
"876","BIC",-1.16226476439753,1.60539801141902,512,"Martin","20"
"877","KSF",-3.32156413881531,0.579337953335664,512,"Martin","20"
"878","MRI",-3.32500644106623,0.436958769681729,512,"Martin","20"
"879","Rectangle window",12.3870300357776,0.770650690174697,512,"Martin","20"
"880","Hann",10.9386854959216,0.563186190172141,512,"Martin","20"
"881","FDR0.01",-0.533960158855447,2.24915811457284,256,"Martin","20"
"882","FER0.01",-0.533960158855447,2.24915811457284,256,"Martin","20"
"883","FDR0.05",2.49197404030422,1.74849419463676,256,"Martin","20"
"884","FER0.05",2.49197404030422,1.74849419463676,256,"Martin","20"
"885","log_Periodogram",348.15892374533,286.762260840822,256,"Martin","20"
"886","BIC",-0.244383689177249,1.58400226179099,256,"Martin","20"
"887","KSF",-2.60123445243033,2.31107857618629,256,"Martin","20"
"888","MRI",-2.93364858887777,1.10774025439606,256,"Martin","20"
"889","Rectangle window",8.71919384710257,0.733146625069937,256,"Martin","20"
"890","Hann",7.86495552526288,0.508187880343449,256,"Martin","20"
"891","FDR0.01",0.765755477085817,1.91708204727181,128,"Martin","20"
"892","FER0.01",0.765755477085817,1.91708204727181,128,"Martin","20"
"893","FDR0.05",3.15084407077951,1.33176794175839,128,"Martin","20"
"894","FER0.05",3.15084407077951,1.33176794175839,128,"Martin","20"
"895","log_Periodogram",189.581481825862,144.337087315687,128,"Martin","20"
"896","BIC",0.664081057433955,1.59264549555946,128,"Martin","20"
"897","KSF",-0.811371930328172,5.26507987898276,128,"Martin","20"
"898","MRI",-2.07864096635157,2.02770021994707,128,"Martin","20"
"899","Rectangle window",6.4509058055735,0.92095098007465,128,"Martin","20"
"900","Hann",6.36332286647561,0.505577604239376,128,"Martin","20"
"901","FDR0.01",-0.0622820480823337,0.00175811553019654,2048,"id","50"
"902","FER0.01",-0.0622820480823337,0.00175811553019654,2048,"id","50"
"903","FDR0.05",-0.0350838944133566,0.00185247909524704,2048,"id","50"
"904","FER0.05",-0.0350838944133566,0.00185247909524704,2048,"id","50"
"905","log_Periodogram",114.371695768907,3.04007266554351,2048,"id","50"
"906","BIC",-0.0569256478286054,0.001733979918969,2048,"id","50"
"907","KSF",-0.0783658463318127,0.00184391298775239,2048,"id","50"
"908","MRI",-0.0778133937075284,0.00177751379347254,2048,"id","50"
"909","Rectangle window",0.453864504068867,0.00144836098070801,2048,"id","50"
"910","Hann",0.671420816905105,0.00207218142439847,2048,"id","50"
"911","FDR0.01",-0.0984732462525818,0.00379533242540729,1024,"id","50"
"912","FER0.01",-0.0984732462525818,0.00379533242540729,1024,"id","50"
"913","FDR0.05",-0.00477662092014169,0.00419790561171008,1024,"id","50"
"914","FER0.05",-0.00477662092014169,0.00419790561171008,1024,"id","50"
"915","log_Periodogram",83.5076110063222,2.90057263824224,1024,"id","50"
"916","BIC",-0.0911502227175685,0.00358514592237665,1024,"id","50"
"917","KSF",-0.158863687739036,0.00387439013776525,1024,"id","50"
"918","MRI",-0.145714895175883,0.00376743733526748,1024,"id","50"
"919","Rectangle window",0.498375160310725,0.00283522833039103,1024,"id","50"
"920","Hann",0.8788349095221,0.00381273403023688,1024,"id","50"
"921","FDR0.01",-0.0926174799387367,0.00883114701842272,512,"id","50"
"922","FER0.01",-0.0926174799387367,0.00883114701842272,512,"id","50"
"923","FDR0.05",0.116271626794966,0.00799051908964167,512,"id","50"
"924","FER0.05",0.116271626794966,0.00799051908964167,512,"id","50"
"925","log_Periodogram",62.2676490823202,2.81618998038872,512,"id","50"
"926","BIC",-0.109529485869876,0.00769341555724231,512,"id","50"
"927","KSF",-0.275979887326394,0.0104992452912741,512,"id","50"
"928","MRI",-0.248837767799174,0.00800696115539385,512,"id","50"
"929","Rectangle window",0.565805531004343,0.00544721311234019,512,"id","50"
"930","Hann",1.19343161403571,0.00670624366240916,512,"id","50"
"931","FDR0.01",0.0394459793618577,0.0167787459108607,256,"id","50"
"932","FER0.01",0.0394459793618577,0.0167787459108607,256,"id","50"
"933","FDR0.05",0.314532026280388,0.0145318428214452,256,"id","50"
"934","FER0.05",0.314532026280388,0.0145318428214452,256,"id","50"
"935","log_Periodogram",48.0437235754352,2.66575687690025,256,"id","50"
"936","BIC",-0.0321025975883267,0.0158410921167406,256,"id","50"
"937","KSF",-0.152250202841569,0.0368978480646253,256,"id","50"
"938","MRI",-0.338310485568249,0.0202013895056958,256,"id","50"
"939","Rectangle window",0.656366688848689,0.0102087294097519,256,"id","50"
"940","Hann",1.55768868495945,0.00983542608973213,256,"id","50"
"941","FDR0.01",0.256388473250621,0.0301034319941474,128,"id","50"
"942","FER0.01",0.256388473250621,0.0301034319941474,128,"id","50"
"943","FDR0.05",0.544693338353259,0.0275482436606952,128,"id","50"
"944","FER0.05",0.544693338353259,0.0275482436606952,128,"id","50"
"945","log_Periodogram",38.8127894372299,2.41107133960624,128,"id","50"
"946","BIC",0.166254366936325,0.0279711746755355,128,"id","50"
"947","KSF",0.103478282602642,0.0304414050404509,128,"id","50"
"948","MRI",-0.213929558584326,0.0286613713490067,128,"id","50"
"949","Rectangle window",0.787828887644782,0.0191443139461099,128,"id","50"
"950","Hann",1.62867940586518,0.0155417806245675,128,"id","50"
"951","FDR0.01",-7.18533970188541,2.16094522942444,2048,"Martin","50"
"952","FER0.01",-7.18533970188541,2.16094522942444,2048,"Martin","50"
"953","FDR0.05",-3.44843941487545,3.5389315049122,2048,"Martin","50"
"954","FER0.05",-3.44843941487545,3.5389315049122,2048,"Martin","50"
"955","log_Periodogram",2634.87142828668,2342.443455283,2048,"Martin","50"
"956","BIC",-6.34037806950912,1.95496201263971,2048,"Martin","50"
"957","KSF",-8.89537953510084,0.460507892199689,2048,"Martin","50"
"958","MRI",-9.01697624193257,0.241527923256511,2048,"Martin","50"
"959","Rectangle window",22.7126436438029,0.741964393651458,2048,"Martin","50"
"960","Hann",19.3502389190609,0.533030977533402,2048,"Martin","50"
"961","FDR0.01",-5.3434327096024,2.91338352024548,1024,"Martin","50"
"962","FER0.01",-5.3434327096024,2.91338352024548,1024,"Martin","50"
"963","FDR0.05",-0.173705520554113,3.11757325336384,1024,"Martin","50"
"964","FER0.05",-0.173705520554113,3.11757325336384,1024,"Martin","50"
"965","log_Periodogram",1371.80855766879,1077.46212712009,1024,"Martin","50"
"966","BIC",-4.84407993600204,1.9444915993976,1024,"Martin","50"
"967","KSF",-8.83975547750397,0.811399728877928,1024,"Martin","50"
"968","MRI",-8.67101379100045,0.84608171163483,1024,"Martin","50"
"969","Rectangle window",15.4375742296651,0.738984048286506,1024,"Martin","50"
"970","Hann",12.9388784476546,0.481474464308188,1024,"Martin","50"
"971","FDR0.01",-2.07100858384757,2.57199323749494,512,"Martin","50"
"972","FER0.01",-2.07100858384757,2.57199323749494,512,"Martin","50"
"973","FDR0.05",2.76158781147596,1.51181145978683,512,"Martin","50"
"974","FER0.05",2.76158781147596,1.51181145978683,512,"Martin","50"
"975","log_Periodogram",729.80448296534,529.242894357273,512,"Martin","50"
"976","BIC",-2.60244221591262,1.75106310288461,512,"Martin","50"
"977","KSF",-8.09144004320108,3.31142477975877,512,"Martin","50"
"978","MRI",-7.38090762886353,2.14543943873704,512,"Martin","50"
"979","Rectangle window",10.7224281038714,0.754354100307031,512,"Martin","50"
"980","Hann",8.65945198295136,0.440443536799609,512,"Martin","50"
"981","FDR0.01",0.954317904104165,1.17718770971583,256,"Martin","50"
"982","FER0.01",0.954317904104165,1.17718770971583,256,"Martin","50"
"983","FDR0.05",4.05324978713707,1.1122340248824,256,"Martin","50"
"984","FER0.05",4.05324978713707,1.1122340248824,256,"Martin","50"
"985","log_Periodogram",403.379959703308,253.291337938738,256,"Martin","50"
"986","BIC",-0.0342459296868538,1.19574508124313,256,"Martin","50"
"987","KSF",-1.11508773174449,7.14013491509328,256,"Martin","50"
"988","MRI",-4.3304567378831,2.18881125171818,256,"Martin","50"
"989","Rectangle window",7.63956273455402,0.705291337305439,256,"Martin","50"
"990","Hann",5.76172964554773,0.321968606912282,256,"Martin","50"
"991","FDR0.01",2.22581097843147,1.42430658156245,128,"Martin","50"
"992","FER0.01",2.22581097843147,1.42430658156245,128,"Martin","50"
"993","FDR0.05",4.19607788191431,1.44043919381051,128,"Martin","50"
"994","FER0.05",4.19607788191431,1.44043919381051,128,"Martin","50"
"995","log_Periodogram",234.105591461727,122.04479435629,128,"Martin","50"
"996","BIC",1.55274364767149,1.42335432345205,128,"Martin","50"
"997","KSF",1.2819214024816,1.22836446650655,128,"Martin","50"
"998","MRI",-1.33427843402388,1.66097507597072,128,"Martin","50"
"999","Rectangle window",5.83668675126605,0.956165029623996,128,"Martin","50"
"1000","Hann",2.97834475508118,0.252652541576922,128,"Martin","50"
